{
  "_fv": 10,
  "_type": "recipe",
  "definition": {
    "recipeType": "Crafting",
    "xpReward": 0.0,
    "cookingTime": 200,
    "recipeRetstackSize": 1,
    "group": "",
    "recipeShapeless": false,
    "recipeSlots": [
      {
        "value": "CUSTOM:Chakra"
      },
      {
        "value": "CUSTOM:Chakra"
      },
      {
        "value": "CUSTOM:Chakra"
      },
      {
        "value": "CUSTOM:Chakra"
      },
      {
        "value": "CUSTOM:ChakraHyuuga"
      },
      {
        "value": "CUSTOM:Chakra"
      },
      {
        "value": "CUSTOM:Chakra"
      },
      {
        "value": "CUSTOM:Chakra"
      },
      {
        "value": "CUSTOM:Chakra"
      }
    ],
    "recipeReturnStack": {
      "value": "CUSTOM:Byakugan.helmet"
    },
    "name": "craft_byakugan",
    "namespace": "mod"
  }
}